<?xml version="1.0" encoding="UTF-8"?>
<project-private xmlns="http://www.netbeans.org/ns/project-private/1">
    <editor-bookmarks xmlns="http://www.netbeans.org/ns/editor-bookmarks/2" lastBookmarkId="0"/>
    <open-files xmlns="http://www.netbeans.org/ns/projectui-open-files/2">
        <group>
            <file>file:/opt/lampp/htdocs/work/task/search/protected/controllers/ProductsController.php</file>
            <file>file:/opt/lampp/htdocs/work/task/search/protected/models/Product.php</file>
            <file>file:/opt/lampp/htdocs/work/task/search/protected/config/main.php</file>
            <file>file:/opt/lampp/htdocs/work/task/search/protected/tests/bootstrap.php</file>
            <file>file:/opt/lampp/htdocs/work/task/search/protected/tests/functional/SiteTest.php</file>
        </group>
    </open-files>
</project-private>
